{
  "wires": [
    {
      "component_id": 0,
      "segment_id": 0,
      "material": "copper",
      "current": 9.590806742490797,
      "start": [
        -2.5012637313796935,
        -50.0,
        0.0
      ],
      "end": [
        -2.5012637313796935,
        50.0,
        0.0
      ],
      "width": 1.7272210300726947,
      "height": 0.001
    },
    {
      "component_id": 1,
      "segment_id": 0,
      "material": "copper",
      "current": -3.4871430831414107,
      "start": [
        -0.0006511067093405581,
        -50.0,
        0.0
      ],
      "end": [
        -0.0006511067093405581,
        50.0,
        0.0
      ],
      "width": 1.7272210300726947,
      "height": 0.001
    },
    {
      "component_id": 2,
      "segment_id": 0,
      "material": "copper",
      "current": 9.590806742490798,
      "start": [
        2.501261519094912,
        -50.0,
        0.0
      ],
      "end": [
        2.501261519094912,
        50.0,
        0.0
      ],
      "width": 1.7272210300726947,
      "height": 0.001
    }
  ],
  "bias_fields": {
    "coil_factors": [
      0.0,
      0.0,
      0.0
    ],
    "currents": [
      0.0,
      0.0,
      0.0
    ],
    "stray_fields": [
      0.0,
      0.0,
      0.0
    ]
  }
}