{
  "wires": [
    {
      "component_id": 0,
      "segment_id": 0,
      "material": "copper",
      "current": 4.795403371245398,
      "start": [
        -2.7722277290249266,
        -50.0,
        0.0
      ],
      "end": [
        -2.7722277290249266,
        50.0,
        0.0
      ],
      "width": 2.609574753762846,
      "height": 0.001
    },
    {
      "component_id": 1,
      "segment_id": 0,
      "material": "copper",
      "current": -1.7435715415707054,
      "start": [
        -2.2782042657426206e-08,
        -50.0,
        0.0
      ],
      "end": [
        -2.2782042657426206e-08,
        50.0,
        0.0
      ],
      "width": 2.609574753762846,
      "height": 0.001
    },
    {
      "component_id": 2,
      "segment_id": 0,
      "material": "copper",
      "current": 4.795403371245399,
      "start": [
        2.772227786801138,
        -50.0,
        0.0
      ],
      "end": [
        2.772227786801138,
        50.0,
        0.0
      ],
      "width": 2.609574753762846,
      "height": 0.001
    }
  ],
  "bias_fields": {
    "coil_factors": [
      0.0,
      0.0,
      0.0
    ],
    "currents": [
      0.0,
      0.0,
      0.0
    ],
    "stray_fields": [
      0.0,
      0.0,
      0.0
    ]
  }
}